<?xml version="1.0" encoding="UTF-8"?>
<project-private xmlns="http://www.netbeans.org/ns/project-private/1">
    <editor-bookmarks xmlns="http://www.netbeans.org/ns/editor-bookmarks/2" lastBookmarkId="0"/>
    <open-files xmlns="http://www.netbeans.org/ns/projectui-open-files/2">
        <group>
            <file>file:/C:/Users/AsteriX/Documents/NetBeansProjects/EggEjemplos/JDBC/src/com/redsocial/dominio/mascota/MascotaService.java</file>
            <file>file:/C:/Users/AsteriX/Documents/NetBeansProjects/EggEjemplos/JDBC/src/com/redsocial/persistencia/DAO.java</file>
            <file>file:/C:/Users/AsteriX/Documents/NetBeansProjects/EggEjemplos/JDBC/src/com/redsocial/dominio/usuario/UsuarioService.java</file>
            <file>file:/C:/Users/AsteriX/Documents/NetBeansProjects/EggEjemplos/JDBC/src/com/redsocial/persistencia/MascotaDAO.java</file>
            <file>file:/C:/Users/AsteriX/Documents/NetBeansProjects/EggEjemplos/JDBC/src/com/redsocial/persistencia/UsuarioDAO.java</file>
            <file>file:/C:/Users/AsteriX/Documents/NetBeansProjects/EggEjemplos/JDBC/src/principal/Principal.java</file>
        </group>
    </open-files>
</project-private>
