<?xml version="1.0" encoding="UTF-8"?>
<!DOCTYPE fontscolors PUBLIC "-//NetBeans//DTD Editor Fonts and Colors settings 1.1//EN" "http://www.netbeans.org/dtds/EditorFontsColors-1_1.dtd">
<fontscolors>
    <fontcolor foreColor="black" name="mod-abstract">
        <font style="italic"/>
    </fontcolor>
    <fontcolor default="string" foreColor="ffff9966" name="string"/>
    <fontcolor default="comment" foreColor="black" name="javadoc-identifier"/>
    <fontcolor name="mod-public"/>
    <fontcolor default="identifier" foreColor="lightGray" name="mod-class">
        <font style="italic"/>
    </fontcolor>
    <fontcolor name="mod-unused" waveUnderlined="ff999999"/>
    <fontcolor default="identifier" name="mod-interface-declaration"/>
    <fontcolor default="method" foreColor="ffffff99" name="mod-method-declaration">
        <font style="plain"/>
    </fontcolor>
    <fontcolor default="operator" name="operator"/>
    <fontcolor default="keyword" name="keyword-directive"/>
    <fontcolor default="keyword" name="literal"/>
    <fontcolor default="number" foreColor="ffccffcc" name="number"/>
    <fontcolor default="char" foreColor="ffff9966" name="character"/>
    <fontcolor default="identifier" foreColor="ff99ccff" name="mod-parameter"/>
    <fontcolor name="mod-deprecated" strikeThrough="black"/>
    <fontcolor default="identifier" foreColor="lightGray" name="mod-annotation-type"/>
    <fontcolor default="comment" name="javadoc-first-sentence">
        <font style="bold"/>
    </fontcolor>
    <fontcolor default="string" name="string-escape">
        <font style="bold"/>
    </fontcolor>
    <fontcolor default="string" name="string-escape-invalid" waveUnderlined="ffce7b00">
        <font style="bold"/>
    </fontcolor>
    <fontcolor default="keyword" name="keyword"/>
    <fontcolor default="identifier" foreColor="ff99ccff" name="mod-local-variable"/>
    <fontcolor default="identifier" foreColor="lightGray" name="identifier"/>
    <fontcolor default="field" foreColor="white" name="mod-field">
        <font style="plain"/>
    </fontcolor>
    <fontcolor default="comment" foreColor="gray" name="javadoc-tag">
        <font style="bold+italic"/>
    </fontcolor>
    <fontcolor default="method" foreColor="ffffff99" name="mod-method">
        <font style="plain"/>
    </fontcolor>
    <fontcolor default="identifier" name="mod-annotation-type-declaration">
        <font style="bold"/>
    </fontcolor>
    <fontcolor default="identifier" foreColor="ff8ddaf7" name="mod-interface"/>
    <fontcolor name="mod-protected"/>
    <fontcolor default="character" name="character-escape-invalid">
        <font style="italic"/>
    </fontcolor>
    <fontcolor default="identifier" foreColor="white" name="mod-constructor-declaration"/>
    <fontcolor default="comment" foreColor="95ff00ff" name="html-tag">
        <font style="bold"/>
    </fontcolor>
    <fontcolor default="separator" name="separator"/>
    <fontcolor default="identifier" name="mod-enum"/>
    <fontcolor default="identifier" foreColor="ff99ccff" name="mod-local-variable-declaration"/>
    <fontcolor default="identifier" foreColor="ff99ccff" name="mod-parameter-declaration"/>
    <fontcolor name="mod-private"/>
    <fontcolor default="identifier" name="mod-enum-declaration">
        <font style="bold"/>
    </fontcolor>
    <fontcolor foreColor="ffa47cf8" name="mod-static"/>
    <fontcolor default="character" name="character-escape">
        <font style="bold"/>
    </fontcolor>
    <fontcolor default="identifier" foreColor="lightGray" name="mod-class-declaration">
        <font style="bold"/>
    </fontcolor>
    <fontcolor name="mod-package-private"/>
    <fontcolor default="comment" name="comment"/>
    <fontcolor default="whitespace" name="whitespace"/>
    <fontcolor default="identifier" foreColor="lightGray" name="mod-constructor"/>
    <fontcolor default="field" name="mod-field-declaration">
        <font style="plain"/>
    </fontcolor>
</fontscolors>
