<?xml version="1.0" encoding="UTF-8"?>
<project-private xmlns="http://www.netbeans.org/ns/project-private/1">
    <editor-bookmarks xmlns="http://www.netbeans.org/ns/editor-bookmarks/2" lastBookmarkId="0"/>
    <open-files xmlns="http://www.netbeans.org/ns/projectui-open-files/2">
        <group>
            <file>file:/C:/Users/javic/Desktop/JPA/JPAv2/src/META-INF/persistence.xml</file>
            <file>file:/C:/Users/javic/Desktop/JPA/JPAv2/src/JPA_Ejemplo_2/persistencia/DireccionDAO.java</file>
        </group>
        <group name="GuiaPoo">
            <file>file:/C:/Users/user/Downloads/JPA/JPAv2/src/META-INF/persistence.xml</file>
            <file>file:/C:/Users/user/Downloads/JPA/JPAv2/src/JPA_Ejemplo_2/persistencia/MascotaDAO.java</file>
        </group>
    </open-files>
</project-private>
